Time (years),Mass of carbon
0,30
800,27.23277964
1600,24.72080957
2400,22.44054532
3200,20.37061419
4000,18.49161492
4800,16.78593581
5600,15.2375897
6400,13.83206409
7200,12.55618511
8000,11.39799408
8800,10.34663537
9600,9.392254701